Book,Character,F1,h,wF1,wh
The Lord of the Rings,Smaug,0.4882773756980896,1.2038291765201437e-15,0.5097929835319519,3.473398100495071e-17
The Lord of the Rings,Gimli,0.5105307102203369,1.216968090269469,0.5263262987136841,0.016622484906822055
The Lord of the Rings,Elrond,0.5343019962310791,3.270828884568962e-05,0.5314293503761292,9.876037628991712e-10
The Lord of the Rings,Arwen,0.5369120836257935,0.13767541508927209,0.5613481402397156,0.3554747701557557
The Lord of the Rings,Frodo Baggins,0.5058766007423401,7.772950034608088e-19,0.5208778381347656,2.7278014662328973e-15
The Lord of the Rings,Gandalf,0.4864636957645416,0.09746866306673561,0.5542777180671692,7.033810516240278e-14
The Lord of the Rings,Samwise Gamgee,0.5517087578773499,3.8548064641566814e-11,0.5776146054267883,9.676996866125244e-05
The Lord of the Rings,Bilbo Baggins,0.5337092280387878,4.5805541110707903e-10,0.5786937475204468,1.9219641008769527e-07
The Lord of the Rings,Ancalagon,0.554775595664978,0.47545085811179977,0.5769245624542236,2.807764820279166
The Lord of the Rings,Shadowfax,0.5957607626914978,0.2927387245204836,0.6053233742713928,1.8681914409463716
The Lord of the Rings,Aragorn II,0.5340953469276428,7.790942653197345e-10,0.5449525713920593,5.606434975876958e-10
The Lord of the Rings,Balin,0.5382952094078064,4.103898148002443e-05,0.5931556820869446,0.005788324562302763
The Lord of the Rings,Bard,0.49743297696113586,1.513431755035593e-06,0.5488898158073425,0.0027440762838703498
The Lord of the Rings,Beorn,0.568251371383667,0.41439611546383226,0.583055317401886,0.6914431552670909
The Lord of the Rings,Boromir,0.5634456872940063,0.13741699112937344,0.5519852638244629,0.036041852105710745
The Lord of the Rings,Celeborn,0.5163928270339966,0.00027145851323439213,0.5391075611114502,2.6678667806712923e-06
The Lord of the Rings,Celebrimbor,0.5292943120002747,8.400509612155592e-07,0.535026490688324,2.2258239370400033e-05
The Lord of the Rings,Denethor II,0.5547358393669128,0.3830326786009035,0.5633900165557861,0.2318774983593413
The Lord of the Rings,Éomer,0.5551220178604126,0.26030757070422855,0.5809876918792725,0.016484773756912274
The Lord of the Rings,Éowyn,0.5146462321281433,0.010036420854507499,0.5433553457260132,0.0001159294480610409
The Lord of the Rings,Faramir,0.557635486125946,0.006239813122901378,0.5817018747329712,8.39723844606111e-05
The Lord of the Rings,Galadriel,0.5037479400634766,1.2696701024189458e-14,0.5642900466918945,2.2838233215464662e-09
The Lord of the Rings,Gollum,0.5291568040847778,3.705028028504992,0.5690483450889587,8.699523896320845e-05
The Lord of the Rings,Gríma,0.5611333847045898,0.00031971563357319037,0.5658467411994934,0.003873079003626094
The Lord of the Rings,Halbarad,0.5784801244735718,0.1315032941545476,0.5705211758613586,1.4574939333592651
The Lord of the Rings,Isildur,0.5781658887863159,0.0008949671636997978,0.5898236036300659,8.089107747225476e-05
The Lord of the Rings,Fíli and Kíli,0.5999771356582642,0.12298746596347064,0.57950359582901,0.058364521297843856
The Lord of the Rings,Legolas,0.5791592597961426,5.113332499348577e-15,0.5770722031593323,1.767040882235597e-10
The Lord of the Rings,Lúthien,0.5439371466636658,0.004737062585408956,0.5713077783584595,0.10772462704136804
The Lord of the Rings,Maedhros,0.5790686011314392,0.095142802982454,0.5792950987815857,0.02779847305732587
The Lord of the Rings,Melian,0.5785197615623474,0.9025363030766189,0.574794352054596,0.44961797861258485
The Lord of the Rings,Meriadoc Brandybuck,0.5498647093772888,0.00012446244237352254,0.5681657195091248,0.12966122871109592
The Lord of the Rings,Peregrin Took,0.5486069917678833,0.022699958301035758,0.5507779121398926,0.039678350630889404
The Lord of the Rings,Radagast,0.5205700993537903,1.053411457126757e-05,0.5342246294021606,8.279434485379112e-05
The Lord of the Rings,Saruman,0.5060369372367859,9.899217857980596e-21,0.5668620467185974,5.295403477619966e-11
The Lord of the Rings,Sauron,0.5789322853088379,3.3386305991847778e-12,0.5731911063194275,5.325277603403349e-19
The Lord of the Rings,Shelob,0.5951125621795654,0.06828378959385989,0.5824890732765198,0.12354156851779453
The Lord of the Rings,Théoden,0.5545525550842285,0.0008290456730307245,0.5769675970077515,0.07750078417340972
The Lord of the Rings,Thingol,0.5325524806976318,0.006036504797281928,0.5507017374038696,0.04827251148395457
The Lord of the Rings,Thranduil,0.5195729732513428,5.866458878537014e-12,0.5610157251358032,1.3390760964466018e-05
The Lord of the Rings,Thrór,0.5547429919242859,0.023085436313796844,0.5685999393463135,0.2873471575431011
The Lord of the Rings,Thorin II,0.5379275679588318,0.0002295453908835037,0.5493768453598022,8.301275865876888e-07
The Lord of the Rings,Tom Bombadil,0.5519827604293823,0.0009282460298495459,0.5654622912406921,0.00011266059243729626
The Lord of the Rings,Treebeard,0.5381647944450378,0.06930069242232265,0.5744421482086182,0.06252745902938399
The Lord of the Rings,Túrin,0.5626612901687622,0.0011978251535998113,0.5474290251731873,0.0010389676952890906
The Lord of the Rings,Ungoliant,0.5472525358200073,0.37417543949614945,0.5747693181037903,0.5243456119436934
The Lord of the Rings,Morgoth,0.5371339917182922,3.0375320036764824e-18,0.5784084796905518,3.265795629487494e-14
The Lord of the Rings,Watcher in the Water,0.5617328882217407,0.005036569986287802,0.5825566053390503,1.6163135126783976e-07
The Lord of the Rings,Gil-galad,0.5772643089294434,0.001684988710059555,0.5849165916442871,0.00028023418970256374
The Lord of the Rings,Círdan,0.553114652633667,6.888162985563018e-05,0.5721114277839661,0.0034432402791173752
The Lord of the Rings,Khamûl,0.49405360221862793,0.13307021562905588,0.5407648682594299,0.7024747436692249
The Lord of the Rings,Thráin II,0.5593619346618652,3.289770308431845e-05,0.549403190612793,0.0002857439494687915
The Lord of the Rings,Glaurung,0.5521417856216431,0.031447779716484846,0.5653385519981384,0.3053506040396709
Harry Potter,Remus Lupin,0.4234248399734497,7.13646002871692e-40,0.4502548277378082,8.434023894921388e-21
Harry Potter,Minerva McGonagall,0.39556360244750977,2.1153681875759286e-74,0.46175262331962585,1.0199160405831493e-53
Harry Potter,Neville Longbottom,0.46019265055656433,2.0762667141398194e-40,0.4762265980243683,1.0626474712008025e-22
Harry Potter,Cedric Diggory,0.538295567035675,8.700190238788143e-09,0.5337492823600769,2.3017973052905853e-10
Harry Potter,Cho Chang,0.5292285084724426,1.483492707383978e-11,0.51679927110672,1.2845925812462045e-12
Harry Potter,Rufus Scrimgeour,0.5396872162818909,0.0018385892840146018,0.5684691071510315,1.554077793965021e-05
Harry Potter,Arabella Figg,0.5170759558677673,0.0022231986866603397,0.5332129001617432,5.95077863801853e-06
Harry Potter,Sybill Trelawney,0.5209921598434448,1.4767671448115096e-16,0.5200126767158508,2.444025410334286e-13
Harry Potter,Albus Dumbledore,0.46016350388526917,4.0459259196389594e-45,0.4593735337257385,4.738243216909329e-52
Harry Potter,Nymphadora Tonks,0.4591341018676758,1.5865279688109799e-15,0.4611144959926605,2.0899963976250254e-13
Harry Potter,Dolores Umbridge,0.5035989284515381,5.3923977899986e-21,0.4920869767665863,3.577019969060171e-26
Harry Potter,Fleur Delacour,0.4436100721359253,5.532656158141264e-11,0.4567304253578186,2.4074171483883803e-09
Harry Potter,Sirius Black,0.4664953947067261,5.287947986857221e-17,0.4574556350708008,1.8085380198830572e-16
Harry Potter,Salazar Slytherin,0.5491923689842224,0.00181325399549744,0.5679243206977844,0.20506526970957686
Harry Potter,Aberforth Dumbledore,0.5063864588737488,9.934565178215815e-20,0.5599910020828247,3.896133518535175e-11
Harry Potter,Justin Finch-Fletchley,0.5136339068412781,2.6796111153797667e-06,0.533025324344635,2.4121297900821454e-05
Harry Potter,Marcus Flint,0.5348844528198242,0.01981037017666106,0.5329442620277405,0.09897235019487521
Harry Potter,Evan Rosier,0.4881301522254944,0.20028369473728674,0.5503441095352173,2.327005121487279
Harry Potter,Antonin Dolohov,0.5316038131713867,1.6755902092767982e-07,0.5660762190818787,0.010764072679956717
Harry Potter,Vernon Dursley,0.5145865082740784,4.001539631510328e-09,0.5178132057189941,8.891505213216369e-11
Harry Potter,Draco Malfoy,0.44596558809280396,2.7330575327671957e-16,0.41631340980529785,1.1533495604235158e-29
Harry Potter,Tom Riddle,0.4590625464916229,2.648548943284113e-45,0.45424920320510864,9.695222809590762e-43
Harry Potter,Rubeus Hagrid,0.4955039918422699,1.2244817309928648e-44,0.5233442783355713,1.2913039726694907e-22
Harry Potter,Severus Snape,0.4355282485485077,4.369461986790713e-69,0.45168402791023254,2.0811502619179976e-55
Harry Potter,Parvati Patil,0.5213645696640015,2.1060845523256395e-07,0.5632919073104858,2.1481254794398606e-05
Harry Potter,Fawkes,0.5319019556045532,0.00014629706842688665,0.5623999834060669,0.0002599711250481744
Harry Potter,Dean Thomas,0.50852370262146,1.4550621915975556e-07,0.522234320640564,1.0422410409114643e-08
Harry Potter,Katie Bell,0.5223886370658875,2.8343832604276324e-08,0.5240046977996826,4.831796528455948e-07
Harry Potter,Vincent Crabbe,0.475098580121994,1.049324925411977e-07,0.5186833143234253,0.0002868946700955954
Harry Potter,Bartemius Crouch Junior,0.5353787541389465,2.8171652428751673e-15,0.5413310527801514,3.19893308710978e-11
Harry Potter,Seamus Finnigan,0.5081967711448669,5.202524691147397e-07,0.5393355488777161,2.680666556863282e-06
Harry Potter,Harry Potter,0.4261776804924011,0.0,0.46009835600852966,1.641636349826618e-71
Harry Potter,Cormac McLaggen,0.5390781760215759,0.00012852305238128062,0.5516110062599182,0.0032665786694583
Harry Potter,Hermione Granger,0.3904823362827301,4.637113053223728e-153,0.43036365509033203,1.6275843208290927e-72
Harry Potter,Ronald Weasley,0.45450928807258606,3.837928983291697e-55,0.4524276852607727,3.37003115495029e-41
Harry Potter,Rita Skeeter,0.5467334985733032,3.9490386946982686e-07,0.5507711172103882,9.195316205757053e-08
Harry Potter,Padma Patil,0.5116949677467346,3.4324186692421077e-05,0.5723413228988647,0.013009013627235999
Harry Potter,Myrtle Warren,0.4975125193595886,2.118641912019713e-08,0.5493360757827759,2.647572492143769e-09
Harry Potter,Angelina Johnson,0.4564283490180969,9.305818004903066e-11,0.5060237050056458,2.772464233750022e-06
Harry Potter,Winky,0.5192539095878601,7.772470027324705e-14,0.5614151358604431,2.2334602054401572e-05
Harry Potter,Oliver Wood,0.5301389694213867,5.298795766797475e-08,0.5570690035820007,3.3141147559895158e-06
Harry Potter,Crookshanks,0.5740411281585693,0.017130987460492946,0.5658152103424072,0.0014498329952435652
Harry Potter,Pomona Sprout,0.5365490317344666,7.141415488633293e-13,0.5286107063293457,1.1054101833376912e-14
Harry Potter,Cornelius Fudge,0.5147674083709717,1.5126116254956556e-32,0.5190113186836243,1.6733522528512753e-21
Harry Potter,Quirinus Quirrell,0.49786433577537537,4.170519740208742e-14,0.5323550701141357,4.89337123852677e-07
Harry Potter,Filius Flitwick,0.49067142605781555,4.8555761722907424e-29,0.5387125611305237,4.1949931607530497e-16
Harry Potter,Dobby,0.5173535943031311,3.737442442497814e-18,0.5103952288627625,7.717991326230633e-29
Harry Potter,Igor Karkaroff,0.5461367964744568,1.9182137481381063e-08,0.552219808101654,9.901679051660167e-08
Harry Potter,Viktor Krum,0.5292670726776123,2.004866597046654e-05,0.5433587431907654,2.692926522696446e-08
Harry Potter,Peter Pettigrew,0.4807567894458771,1.0645105845049473e-25,0.5078498721122742,1.7750399848080088e-14
Harry Potter,Bellatrix Lestrange,0.40759870409965515,2.6985882749260484e-28,0.4587092399597168,6.345739541977185e-16
Harry Potter,Alastor Moody,0.5593279004096985,1.9087916852636902e-10,0.5897514820098877,2.247863668132014e-09
Harry Potter,Garrick Ollivander,0.5108481049537659,2.5601428584353382e-08,0.5574260950088501,8.39787862356104e-05
Harry Potter,Pansy Parkinson,0.4866178631782532,3.717035482181821e-10,0.5163371562957764,3.413636022764862e-08
Harry Potter,Godric Gryffindor,0.5244513750076294,0.006971979615175427,0.5934100151062012,1.13064105321368
Harry Potter,Helga Hufflepuff,0.528685986995697,0.2905265513155202,0.5625326037406921,2.1557971028147707
Harry Potter,Rowena Ravenclaw,0.5640510320663452,0.05716609317020879,0.5562926530838013,0.14297331155716103
Harry Potter,Luna Lovegood,0.49904772639274597,1.8959119557006443e-15,0.5034042596817017,7.284268726801698e-21
Harry Potter,Ginevra Weasley,0.46209782361984253,1.7346097080079896e-28,0.46574535965919495,9.023157622707973e-26
Harry Potter,Poppy Pomfrey,0.556091845035553,6.167441933141359e-08,0.5610867738723755,4.119536400301911e-06
Harry Potter,William Weasley,0.4393380284309387,8.532295861991225e-15,0.4517394006252289,2.3167223286522354e-11
Harry Potter,Peeves,0.5592172145843506,2.051792239052003e-12,0.5478318929672241,1.25900873804951e-18
Harry Potter,Gilderoy Lockhart,0.5064811110496521,1.6587528247983463e-30,0.5298113226890564,1.440566127776051e-19
Harry Potter,Newton Scamander,0.5179282426834106,3.726252955596713e-32,0.5087903141975403,5.476553173276361e-32
Harry Potter,Wilhelmina Grubbly-Plank,0.5446015000343323,0.17766210538475716,0.5636718273162842,0.15046767669021668
Harry Potter,Rosmerta,0.5584356188774109,0.024287710312033837,0.5441882610321045,0.0005039614592825996
Harry Potter,Molly Weasley,0.40584462881088257,1.446081593582385e-26,0.4523122012615204,1.5463390165424558e-16
Harry Potter,Pius Thicknesse,0.4940618574619293,1.7983771032693102e-06,0.5448520183563232,9.234600974982798e-05
Harry Potter,Aragog,0.5676296353340149,0.06073180540709835,0.5605424046516418,0.00027164835931335585
Harry Potter,Mosag,0.4951876401901245,0.1531028392438576,0.4914199411869049,0.6569528586481602
Harry Potter,Bartemius Crouch Senior,0.5206027626991272,5.552725061594009e-23,0.546478807926178,5.992568426569169e-11
Harry Potter,Gabrielle Delacour,0.5387813448905945,0.35895519128604253,0.5280128717422485,0.6619938972820166
Harry Potter,Gellert Grindelwald,0.47845056653022766,2.6971292594521904e-43,0.5343675017356873,3.3394356705570087e-18
Harry Potter,Phineas Nigellus Black,0.41536542773246765,1.2998694211469249e-09,0.4431796371936798,5.127326795537087e-05
Harry Potter,Ludovic Bagman,0.4895690977573395,2.8824890503634563e-11,0.5293363928794861,0.018741145219029375
Harry Potter,Irma Pince,0.5330012440681458,7.575441458034327e-10,0.5708791613578796,1.3836364187317228e-07
Harry Potter,Nicolas Flamel,0.4923658072948456,2.7655939643226285e-06,0.5783950090408325,0.01190955035924904
Harry Potter,Alice Longbottom,0.5356360077857971,0.00011299096971092144,0.5895086526870728,0.08364651989489728
Harry Potter,Rose Granger-Weasley,0.49305930733680725,1.328501111154401e-05,0.4766608774662018,0.00017347934846557113
Harry Potter,Hugo Granger-Weasley,0.5125531554222107,0.34782282367425477,0.4696049392223358,0.06006210207908947
Harry Potter,Kingsley Shacklebolt,0.506147027015686,3.6246660735787447e-10,0.556400716304779,4.0332371885828006e-05
Harry Potter,Aurora Sinistra,0.5567137598991394,3.679351220188481e-05,0.571009635925293,0.0011756626569522442
Harry Potter,Septima Vector,0.45819517970085144,0.00010448527165688018,0.49106064438819885,0.0013549280140825314
Harry Potter,Nicholas de Mimsy-Porpington,0.44030553102493286,1.041192185464153e-24,0.4978533089160919,2.251943109372343e-12
Harry Potter,Nagini,0.46365705132484436,4.794494313164273e-16,0.517330527305603,1.9903739290785465e-08
Harry Potter,Armando Dippet,0.5211684107780457,1.4977824381878716e-06,0.5437465906143188,2.923079320478996e-06
Harry Potter,Lucius Malfoy,0.4492388367652893,2.2100321945371853e-15,0.42456868290901184,6.2407649285540795e-19
Harry Potter,Hedwig,0.530353844165802,1.0648800230849523e-06,0.5602265000343323,0.005041067512567331
Harry Potter,Broderick Bode,0.507606565952301,0.005360625158198842,0.5645189881324768,0.3173227055536313
Harry Potter,Augustus Rookwood,0.5095133781433105,0.020275486126406214,0.5449012517929077,0.16088214304392862
Harry Potter,Hepzibah Smith,0.5297832489013672,3.3348954998019326e-07,0.5433599948883057,0.0044788272170093145
Harry Potter,Herbert Beery,0.5162932872772217,2.250967884408274,0.4790046513080597,0.14236949415017408
Harry Potter,Antioch Peverell,0.5434361696243286,1.5019510865795487,0.5512228608131409,1.5833857876789816
Harry Potter,Astoria Malfoy,0.5330653190612793,0.071759855159931,0.5416371822357178,0.04561796937121739
Harry Potter,Cadmus Peverell,0.5237928628921509,0.5215097141974081,0.4872148036956787,0.011053314097276053
Harry Potter,Elphias Doge,0.5130961537361145,3.7691168782721335e-06,0.5409693717956543,3.59699815652066e-05
Harry Potter,Merope Riddle,0.46682149171829224,3.960591157357309e-17,0.5309545397758484,2.9019793884482616e-10
Harry Potter,Hannah Abbott,0.4650236964225769,2.613419826347308e-08,0.5236719250679016,3.225871472275248e-05
Harry Potter,Dexter Fortescue,0.4788859188556671,0.05539090533595038,0.504575252532959,0.16131704552023146
Harry Potter,Fat Friar,0.4841617941856384,2.6362596245676405e-06,0.5592990517616272,0.014155966426950403
Harry Potter,Horace Slughorn,0.4692622125148773,3.6505645758085327e-22,0.5022072792053223,2.448485496100082e-15
Harry Potter,Petunia Dursley,0.48867717385292053,2.0448107169150812e-22,0.5097965598106384,1.2339481284463448e-18
Harry Potter,Walden Macnair,0.5014828443527222,7.712052205040901e-05,0.5486079454421997,0.012605640644915119
Harry Potter,Ariana Dumbledore,0.49777889251708984,9.901518915330524e-09,0.5857630372047424,0.005466326214366177
Harry Potter,Amos Diggory,0.5099585056304932,2.576364746456489e-05,0.55677330493927,0.004466013444360006
Harry Potter,Piers Polkiss,0.49521851539611816,0.6806362715735876,0.5166254043579102,1.0693695208375025
Harry Potter,George Weasley,0.4016861617565155,1.2131068827703318e-27,0.4148612320423126,2.8663347786068793e-28
Harry Potter,Frank Longbottom,0.5326156616210938,0.028752377374989223,0.5626251101493835,0.6841584052073477
Harry Potter,Michael Corner,0.5218807458877563,0.0005994551808464105,0.5404229164123535,0.002343160521106325
Harry Potter,Fred Weasley,0.41451743245124817,1.7698744835120567e-24,0.4385112226009369,2.857205585978748e-15
Harry Potter,Galatea Merrythought,0.48308271169662476,0.14982504945218775,0.510375440120697,0.23749732799219203
Harry Potter,Marlene McKinnon,0.49388641119003296,0.6443134996949156,0.5437308549880981,2.239588358392075
Harry Potter,Dorcas Meadowes,0.5007970929145813,0.6279816562448126,0.5774123072624207,8.722656375081101
Harry Potter,Susan Bones,0.532204806804657,7.629595824675914e-05,0.5485656261444092,4.278615591839935e-06
Harry Potter,Millicent Bulstrode,0.5132447481155396,0.01738188332845268,0.5281895995140076,0.005342653100395297
Harry Potter,Marietta Edgecombe,0.5101751685142517,3.473071731811469e-08,0.5483855605125427,6.75277144754179e-05
Harry Potter,Silvanus Kettleburn,0.5275212526321411,0.02258305087087101,0.5495402812957764,0.004815291473785343
Harry Potter,Buckbeak,0.5726233720779419,0.2252999993733712,0.5625659823417664,0.16824136744637624
Harry Potter,Ernest Prang,0.5353389382362366,1.0061482182025028,0.5400568842887878,2.259841898626499
Harry Potter,Amycus Carrow,0.5455508828163147,1.70401601460693e-05,0.5403141379356384,0.0002766436025161419
Harry Potter,Amelia Bones,0.5170515179634094,0.0022095263536121425,0.5366535782814026,0.005458403237662649
Harry Potter,Dominique Weasley,0.5051631331443787,0.5628294796657226,0.5058202147483826,1.311653529612595
Harry Potter,Beedle the Bard,0.5122998356819153,5.466866442516768,0.5371372699737549,7.378518380411078
Harry Potter,Ignatius Prewett,0.4928591847419739,0.9437987448359452,0.49386170506477356,1.0166881241357966
Harry Potter,Sirius Black I,0.4646373391151428,1.2505250486978436,0.478628009557724,1.3869790403239013
Harry Potter,Regulus Black I,0.4899941384792328,1.7074700288448896,0.473707914352417,3.207354425192208
Harry Potter,Mykew Gregorovitch,0.5740969181060791,0.03674560459067299,0.5750352740287781,0.27055257344331435
Harry Potter,Louis Weasley,0.4540657699108124,0.04444944110701312,0.49540212750434875,0.5441489284300953
Harry Potter,Gregory Goyle,0.4955386519432068,2.0810412325753456e-06,0.482681006193161,3.149233201113315e-08
Harry Potter,Victoire Weasley,0.4881352186203003,0.49566639021856873,0.47690215706825256,1.013121900804376
Harry Potter,Abraxas Malfoy,0.5150485038757324,0.5503509975301958,0.5468758344650269,1.3129554098084302
Harry Potter,Sirius Black II,0.41758373379707336,2.883540791029234,0.4261006712913513,2.9517397331606126
Harry Potter,Irma Crabbe,0.4506060779094696,0.8141865049264856,0.41978058218955994,0.8427785915108608
Harry Potter,Fat Lady,0.5768054127693176,0.23466241841024943,0.565985918045044,0.05167841977724389
Harry Potter,Corban Yaxley,0.4860631227493286,1.7320968742287788e-11,0.5347832441329956,3.911871144235845e-06
Harry Potter,Zacharias Smith,0.5108014941215515,0.0012035558723598344,0.4993472993373871,0.0004066762857925016
Harry Potter,Stanley Shunpike,0.5265969634056091,0.00021485280886740672,0.5499930381774902,0.03006464016559361
Harry Potter,Ernest Macmillan,0.4889927804470062,2.163601915529145e-06,0.5438987016677856,7.93290780567354e-06
Harry Potter,Eloise Midgen,0.5449300408363342,0.5218755886401193,0.5256986021995544,0.2836631806317762
Harry Potter,Anthony Goldstein,0.5033391118049622,0.0107503109683099,0.4976327419281006,0.010938540947887146
Harry Potter,Dilys Derwent,0.5203427672386169,1.386744258734767,0.5238211750984192,0.5413780258136492
Harry Potter,Hokey,0.5691114664077759,0.044712828367822886,0.5312509536743164,0.21311098130495318
Harry Potter,Penelope Clearwater,0.5102328062057495,0.002081392953286565,0.5033614039421082,0.000427464742219041
Harry Potter,Selwyn,0.5084523558616638,0.6486659338208681,0.5309166312217712,0.928897876288697
Harry Potter,Terry Boot,0.4992319345474243,0.00024722606994201504,0.5354912877082825,0.0627235594055822
Harry Potter,James Potter II,0.4645563066005707,0.2846098703939913,0.47426703572273254,0.35424093188486777
Harry Potter,Arthur Weasley,0.4501582980155945,8.321107897502848e-11,0.41848069429397583,2.7342252590418342e-14
Harry Potter,Griphook,0.5330000519752502,0.04689234420316493,0.5396533012390137,0.0016619385107117333
Harry Potter,Reginald Cattermole,0.503689706325531,0.0003774003222257692,0.5027737617492676,0.05676039174139079
Harry Potter,Rolanda Hooch,0.5237492918968201,7.831457669361398e-11,0.5549678802490234,1.7886279095568456e-06
Harry Potter,Alicia Spinnet,0.5257503986358643,2.3125807181654914e-06,0.5718728303909302,0.0007013820303482392
Harry Potter,Ignotus Peverell,0.5201148390769958,0.015916737013547715,0.5523395538330078,0.038143568545490183
Harry Potter,Lee Jordan,0.5044238567352295,3.804905265998813e-11,0.5151554346084595,5.188549600851289e-15
Harry Potter,Porpentina Goldstein,0.48021504282951355,2.4931820899925174e-12,0.5175998210906982,2.2640988935991074e-08
Harry Potter,Radolphus Lestrange,0.4995243549346924,1.8285951571563253,0.5098558664321899,1.2007200762048478
Harry Potter,Emeric the Evil,0.5298848748207092,1.2237502136607206,0.5266038775444031,2.5405500769690783
Harry Potter,Dennis Creevey,0.5041527152061462,0.0013949447053432332,0.5057415962219238,0.0016429452138320942
The Hunger Games,Effie Trinket,0.565891444683075,1.1903455442276722e-06,0.5510849952697754,4.4530810200579775e-17
The Hunger Games,Coriolanus Snow,0.5027734041213989,5.457971859712e-17,0.4985050559043884,2.4839852539343175e-14
The Hunger Games,Katniss Everdeen,0.49666303396224976,1.932072503016613e-52,0.5592134594917297,2.8154050119292174e-37
The Hunger Games,Haymitch Abernathy,0.45901235938072205,5.803643330676749e-49,0.5197070837020874,4.375609028953335e-36
The Hunger Games,Alma Coin,0.49482330679893494,1.3861405668331014e-05,0.5329716801643372,0.0017937716690728327
The Hunger Games,Casca Highbottom,0.49311861395835876,0.009068313974838415,0.5079649686813354,0.08854539766410036
The Hunger Games,Livia Cardew,0.499139666557312,1.013031508725081,0.544862687587738,0.5675167285394436
The Hunger Games,Palmyra Monty,0.4593995213508606,2.104723776435768,0.506984293460846,2.2177755693456382
The Hunger Games,Festus Creed,0.4924934506416321,0.015935857328185244,0.5275446176528931,0.05880036568235945
The Hunger Games,Vipsania Sickle,0.5076733231544495,1.5015583908608838,0.5211169719696045,2.1328966584790696
The Hunger Games,Hilarius Heavensbee,0.5099994540214539,0.9142718836812825,0.5348723530769348,2.0558066003824935
The Hunger Games,Clemensia Dovecote,0.515857994556427,0.0055130531524186805,0.5453809499740601,0.0023019706255517003
The Hunger Games,Felix Ravinstill,0.4774388074874878,0.7003809095064412,0.5368401408195496,2.826404724140314
The Hunger Games,Lysistrata Vickers,0.5141571760177612,0.003836419691966051,0.5522354245185852,0.053598093704782204
The Hunger Games,Lucretius Flickerman,0.4807058274745941,0.00781015367693084,0.5529710650444031,0.36143827147166957
The Hunger Games,Reaper Ash,0.4597514569759369,8.466860549702181e-05,0.5185043811798096,0.0003964647178207539
The Hunger Games,Mizzen,0.4393620491027832,7.871077394744284e-06,0.5330420136451721,0.007359828285788773
The Hunger Games,Coral,0.503770649433136,0.011574267443737402,0.4946725070476532,0.0005344490970077577
The Hunger Games,Treech,0.4804621636867523,0.0029177804212191334,0.5315182209014893,0.020332711194619903
The Hunger Games,Dill,0.5166664123535156,0.3215607788346636,0.519472062587738,0.41026056531547406
Dune,Farad'n Corrino/XD,0.5663257241249084,1.2268153775562465,0.5621641278266907,1.2859397614845096
Dune,Farad'n Corrino,0.5666971206665039,0.6623881126562792,0.5823624730110168,2.0033410146776593
Dune,Farad'n Corrino/DE,0.5844084024429321,0.34112114492845225,0.5843735933303833,0.5548459968408695
Dune,Fafnir Corrino,0.44995251297950745,0.7003032446719886,0.5322589874267578,1.0420738912627936
Dune,Dominic Vernius,0.5075456500053406,0.16810853453936686,0.5397589802742004,0.46615697041042964
Dune,Faykan Butler,0.47326651215553284,0.008630108199796038,0.45225006341934204,0.005865670908450444
Dune,Vladimir Harkonnen/DE,0.5605220198631287,0.033061347497188795,0.5588648915290833,0.015082126718870102
Dune,Vladimir Harkonnen/XD,0.5055045485496521,0.0007665787634493652,0.5348857641220093,0.019193017790460263
Dune,Vladimir Harkonnen,0.5121381282806396,0.004265779607880439,0.5284905433654785,0.0014845070134720474
Dune,Darwi Odrade,0.5440998077392578,0.0006476787879186171,0.548105001449585,0.00037441361270270767
Dune,Gurney Halleck/DE,0.535963237285614,3.2594636188747396e-07,0.5381292700767517,4.549789999509618e-08
Dune,Gurney Halleck/XD,0.5789884328842163,0.00022812729852093348,0.5742733478546143,0.0001968150095618918
Dune,Gurney Halleck,0.5655193328857422,0.10455404370698487,0.56111741065979,0.01124077832921404
Dune,Shaddam IV/DE,0.5234389901161194,0.01278504439287942,0.5263459086418152,0.06778219170785402
Dune,Shaddam Corrino IV/XD,0.5234718918800354,0.0009480905239706135,0.5249260663986206,7.932358610458084e-05
Dune,Shaddam Corrino IV,0.4981652498245239,0.2835774697222974,0.472642183303833,0.006588778014817882
Dune,Leto Atreides II/XD,0.5606701970100403,0.0008687544666935666,0.5439195036888123,8.422688475413462e-05
Dune,Leto Atreides II,0.5220441222190857,0.01842513100109456,0.5218577980995178,0.0011210564398336164
Dune,Leto Atreides II/DE,0.566229522228241,0.004120877359568109,0.5904116034507751,0.2198043582487257
Dune,Lucilla,0.5184893608093262,0.18041989232098912,0.5546405911445618,0.12004459180519331
Dune,Piter de Vries/XD,0.5338701605796814,0.504362358181385,0.554705798625946,0.4889792982719898
Dune,Piter de Vries/DE,0.5265918970108032,0.05385704729214943,0.5395046472549438,0.30489990705948605
Dune,Piter de Vries,0.5390039086341858,1.2255669645887044,0.5667362213134766,1.8558181576506183
Dune,Ghanima Atreides,0.49384599924087524,0.15756773607899885,0.5262296795845032,0.7713215001869783
Dune,Ghanima Atreides/DE,0.5396658778190613,0.0014068192536931317,0.5735228061676025,0.029207297586001425
Dune,Jamis,0.5369864106178284,0.02582526382575085,0.5495017170906067,0.04938810339653892
Dune,Glossu Rabban Harkonnen,0.5301319360733032,1.381404582935144,0.516819417476654,0.7834448159707762
Dune,Glossu Rabban Harkonnen/DE,0.5094492435455322,0.564735824507272,0.5509238243103027,0.04330873062069479
Dune,Glossu Rabban Harkonnen/XD,0.5279632806777954,2.3769619220835354,0.5369877815246582,3.139095733097808
Dune,Hwi Noree,0.5311533808708191,0.672941057891257,0.5499973297119141,0.5468427673388215
Dune,Kailea Vernius,0.5259507298469543,0.6207384836168537,0.5567383170127869,0.5638931182982911
Dune,Helena Atreides,0.5338008403778076,0.160675491559607,0.5387908220291138,0.3491943892845074
Dune,Thufir Hawat,0.5604361891746521,0.03477488196794088,0.5385600924491882,0.04053409585133557
Dune,Thufir Hawat/XD,0.5688418745994568,0.06370252094641474,0.5715956091880798,0.1487194927448651
Dune,Thufir Hawat/DE,0.5149359107017517,9.725796127570801e-08,0.5216930508613586,8.54268517489902e-06
Dune,Kwisatz Haderach/XD,0.5364213585853577,0.0013300293819950536,0.5731744766235352,0.0012636602993972206
Dune,Kwisatz Haderach,0.5476922392845154,0.010116508438854683,0.5426133275032043,0.0005593398505195171
Dune,Duncan Idaho/DE,0.5462362766265869,1.2435412780685698e-20,0.5571543574333191,2.89431798710053e-23
Dune,Duncan Idaho,0.44011977314949036,3.2906508264601654e-07,0.4471195638179779,6.248240808335712e-08
Dune,Duncan Idaho/XD,0.5091419816017151,1.7726635415776912e-08,0.5126649737358093,6.263738635750091e-13
Dune,Paul Atreides,0.45305517315864563,2.914479352401587e-12,0.455446720123291,3.5584290825375785e-11
Dune,Paul Atreides/DE,0.5634405016899109,0.44078657868561083,0.5617043375968933,0.3551938912362575
Dune,Paul Atreides/XD,0.42820703983306885,1.8982629857941282e-16,0.4527626633644104,1.0362587857753645e-12
Dune,Wellington Yueh/XD,0.5348597764968872,0.005782918495446039,0.5553275942802429,0.010101025950371207
Dune,Margot Fenring,0.5599023699760437,2.404907566263525,0.5822188258171082,4.433415369203304
Dune,Margot Fenring/XD,0.5473545789718628,0.06384356266116697,0.5835996866226196,0.013457777872144302
Dune,Wellington Yueh,0.4950200617313385,0.03544224056887769,0.5104186534881592,0.3982121642037352
Dune,Wellington Yueh/DE,0.5599692463874817,0.05645982868063019,0.5760170817375183,0.1833335421597429
Dune,Miles Teg,0.5475389361381531,0.10759820993094535,0.5213576555252075,0.027727926242602313
Dune,Miles Teg/XD,0.5249885320663452,0.05591744532057102,0.5481646656990051,0.25229664011234154
Dune,Murbella/XD,0.5570388436317444,0.00020899644298549928,0.5723617076873779,0.0004064859510184102
Dune,Murbella,0.5583533048629761,0.3323313199238806,0.5768553614616394,0.12719635362667048
Dune,Octa Butler,0.4946991801261902,1.1514294397011324,0.5528679490089417,0.9624925868386981
Dune,Mohandas Suk,0.5040932297706604,0.6736399341616784,0.5396994948387146,0.9255365420677758
Dune,Pardot Kynes,0.5375998020172119,0.15774564141644914,0.5505253076553345,0.16567054371692638
Dune,Pardot Kynes/XD,0.5762752890586853,0.06471425011380877,0.5644943118095398,0.012257828212334015
Dune,Pardot Kynes/DE,0.5605108141899109,1.5644312978123653e-06,0.5584397912025452,2.2542815508179674e-06
Dune,Raquella Berto-Anirul,0.522921085357666,0.5692307694964996,0.5143487453460693,0.029782586957420025
Dune,Norma Cenva,0.5421144962310791,1.3132687840477226,0.5739531517028809,1.4717080320066254
Dune,Norma Cevna,0.5139651298522949,0.3566619664689491,0.5172470211982727,0.13688046234103496
Dune,Norma Cenva/XD,0.5361341834068298,3.5011631807430007e-06,0.5564863085746765,0.00018762412931797
Dune,Leto Atreides I,0.4768660068511963,0.2455701059860043,0.4574279189109802,0.2269201308754526
Dune,Leto Atreides I/XD,0.5529875755310059,0.0015213237304277886,0.5806438326835632,0.0016473320578776604
Dune,Leto Atreides I/DE,0.5523080825805664,0.01550483511330306,0.5457203388214111,0.001317307243529224
Dune,Minotauros Atreides,0.5299984812736511,0.4065878355069815,0.5141856670379639,0.5521703686612554
Dune,Paulus Atreides,0.5536304712295532,0.5881673042702673,0.5621044039726257,0.5307404665302761
Dune,Wensicia Corrino/DE,0.5462331175804138,0.4711882416513279,0.5683950781822205,0.5154323798195103
Dune,Wensicia Corrino,0.5616702437400818,0.20102679889331546,0.5842434167861938,0.7219136340131868
Dune,Wensicia Corrino/XD,0.5377728343009949,0.4848777670939961,0.5488365292549133,0.3736514618985455
Dune,Gaius Helen Mohiam,0.5384054183959961,0.352284423693017,0.5630971789360046,0.790966793593706
Dune,Gaius Helen Mohiam/XD,0.541538417339325,0.12164763495708765,0.5704416036605835,0.06972334990092016
Dune,Irulan Corrino/DE,0.5789760947227478,0.046358881769274544,0.5555946826934814,0.06447806186589158
Dune,Irulan Corrino/XD,0.5657967329025269,0.08519196485753883,0.5876041054725647,0.05863667538653814
Dune,Irulan Corrino,0.5357210636138916,0.00013968913118359667,0.5590510964393616,0.0655060789083098
Dune,Abulurd Harkonnen,0.4995967745780945,0.774362161995966,0.585909903049469,1.4374484379102912
Dune,Abulurd Harkonnen/XD,0.5102819204330444,0.007257036904408436,0.556564450263977,0.039982234290605045
Dune,Abulurd Harkonnen/DE,0.5616024732589722,3.4492163078837303,0.562070906162262,1.3021326139187606
Dune,Alma Mavis Taraza,0.5090119242668152,0.32116674617478846,0.5767590403556824,0.6421973231749927
Dune,Vorian Atreides,0.5148931741714478,6.412486476323863e-14,0.5255579352378845,4.583811171529382e-13
Dune,Tlaloc,0.5449262857437134,2.7384607423598686,0.5439847707748413,0.7037411823560461
Dune,Hayt,0.5497936010360718,1.6983271962871251,0.6137956380844116,3.47851498739315
Dune,Rhombur Vernius,0.5723822712898254,0.9344675918457702,0.5706589818000793,0.20024652108056834
Dune,Scytale/XD,0.48594918847084045,0.1431050620529615,0.5356002449989319,0.2732531641680964
Dune,Scytale,0.5015089511871338,0.10788592227848896,0.5259220600128174,0.23867809042582935
Dune,Serena Butler,0.538329005241394,0.002121283934357411,0.4867168664932251,2.056978968383899e-08
Dune,Victor Atreides,0.5281650424003601,0.6661450495943819,0.5521569848060608,1.3858043178098174
Dune,Shando Vernius,0.5347109436988831,1.2003875407322944,0.5282952189445496,0.6185611994891802
Dune,Xavier Harkonnen,0.4750511944293976,0.0017384284936056713,0.5098047852516174,0.0027334922723042084
Dune,Zufa Cenva,0.535542905330658,0.2428014161582116,0.5369623899459839,0.029546677047488236
Dune,Schwangyu,0.5480901002883911,1.5382404756407333,0.5731808543205261,4.526655369597184
Dune,Siona Atreides,0.5746162533760071,0.6458708416877553,0.5625770092010498,0.9062707457633424
Dune,Siona Atreides/DE,0.5196829438209534,0.018491177021261723,0.5410690307617188,0.0028124435928282873
Dune,Tylwyth Waff,0.5059124231338501,1.737750597750537,0.5506270527839661,3.3208116022734924
Dune,Tylwyth Waff/XD,0.5273714661598206,0.7037667032244017,0.5351602435112,0.09878348081532191
Dune,Sheeana Brugh,0.5290815234184265,1.2284875339306975,0.5284982323646545,0.3994258872260079
Dune,Ramallo,0.5567925572395325,1.3548367194176814,0.5830508470535278,1.5946190173801895
Dune,Stilgar,0.5388158559799194,0.9438679497637281,0.5538883209228516,0.9897781202986607
Dune,Stilgar/XD,0.5582945942878723,0.07481841252859744,0.5639162659645081,0.04404766591997361
Dune,Feyd-Rautha Harkonnen,0.5332391262054443,0.11860804146334294,0.5530118346214294,0.19599054806096647
Dune,Feyd-Rautha Harkonnen/XD,0.5365506410598755,0.2559089587296603,0.5429685711860657,0.5430296715678937
Dune,Hasimir Fenring,0.5294212698936462,0.5723882591358047,0.5482363700866699,2.457582819014864
Dune,Hasimir Fenring/XD,0.5243239402770996,4.47783575658048e-06,0.5476295351982117,0.0016484516727944963
Dune,Hasimir Fenring/DE,0.5609136819839478,0.007426960903844619,0.5541533827781677,0.009811725824380002
Dune,Anirul Corrino,0.5426421165466309,2.3241641045117847,0.5719643235206604,2.2035182370397197
Dune,Anirul Corrino/XD,0.532350480556488,0.014026285139165878,0.577077329158783,0.002804547324867553
Dune,Alia Atreides,0.5209186673164368,0.7155195294622008,0.5270995497703552,0.24420478205299473
Dune,Alia Atreides/DE,0.5789529085159302,0.0007972607541912751,0.5882188677787781,0.0006633744728701349
Dune,Alia Atreides/XD,0.5889471173286438,0.10378819572571228,0.5930303335189819,0.13069231339786755
Dune,Liet Kynes,0.5768128633499146,0.8463071901235782,0.5793363451957703,0.4189848275402531
Dune,Liet Kynes/XD,0.5371055006980896,0.04784084658480115,0.5457416772842407,0.037113751296696654
Dune,Jessica Atreides/XD,0.562642514705658,0.002588521973482582,0.5865552425384521,6.439355719379739e-05
Dune,Jessica Atreides,0.48065924644470215,0.07727360164481908,0.4668397009372711,0.0012077611066420792
Dune,Jessica Atreides/DE,0.5719187259674072,0.001589089430123607,0.5862370133399963,5.193074740749164e-07
Dune,Chani Kynes/XD,0.5528910756111145,0.3128902571275598,0.5869391560554504,0.11911171447600281
Dune,Chani Kynes/DE,0.5478807687759399,0.002884859704655062,0.5485470294952393,0.000997173310633268
Dune,Chani Kynes,0.5526807308197021,0.804574212062606,0.5530098080635071,1.9827074877696587
Dune,Tyros Reffa,0.4875735342502594,1.7514703739442326,0.5272082090377808,1.0914193380855193
Dune,Harah,0.5457082390785217,0.4115042727871725,0.5346150994300842,0.000946706569223237
Dune,Elrood Corrino IX,0.5538781881332397,4.098105242552675,0.5435056686401367,3.0508495856323568
Dune,Elrood Corrino IX/DE,0.5202887654304504,1.042139631711184,0.5393968224525452,0.541932758096681
Dune,Elrood Corrino IX/XD,0.4822080731391907,0.09998398935294968,0.5046545267105103,0.5144143098167582
Dune,Jehanne Butler,0.4713389575481415,0.6350021696992341,0.5190722346305847,0.17078706747944003
Dune,Moneo Atreides/DE,0.5416766405105591,0.0028838646610249113,0.5412241220474243,0.03329652496435771
Dune,Moneo Atreides,0.5507677793502808,0.009357132087924703,0.5441312193870544,0.028191449368843876
Dune,Tio Holtzman,0.5334884524345398,0.005624287871300111,0.5409548878669739,0.029524134241867502
Dune,Lady Jessica,0.4534376263618469,0.020100877517595966,0.496165931224823,0.12379370052666387
Dune,Leto I Atreides,0.5437902212142944,0.00026478902942206437,0.5726288557052612,0.029361087195577937
Dune,Glossu Rabban,0.526726484298706,1.2928471703030817,0.49033281207084656,0.24904649800637807
Dune,Piter De Vries,0.5436399579048157,0.8865800160689702,0.5498327612876892,2.3672556446743322
Dune,Mapes,0.5498136281967163,2.466229955630777,0.5477238297462463,1.4846084645258688
Dune,Liet-Kynes,0.5477451086044312,0.498522743257557,0.5722833871841431,0.8734777525042662
Dune,Otheym,0.5739062428474426,1.4563690800914404,0.597083568572998,2.6755280339904415
Dune,Korba,0.47808027267456055,0.7911521478855628,0.5018550157546997,1.1525436962723896
Dune,Aramsham,0.5359182953834534,1.7316828664832231,0.5055357217788696,1.3036836399952834
Dune,Iakin Nefud,0.5756993293762207,2.0653752018486355,0.5634428858757019,1.6266999476858581
Dune,Edric,0.4336298108100891,1.140654274329966,0.4625941812992096,0.9182846196742985
Dune,Bijaz,0.4847066402435303,0.08921072781453772,0.5196388959884644,0.07015874899795399
Dune,Lichna,0.4899732768535614,0.778601116737801,0.5437178015708923,1.7552609653310076
Dune,Farok,0.5597324967384338,1.725997669089834,0.5408429503440857,2.3261117109602933
Dune,Tyekanik,0.5294237732887268,1.0309351003669627,0.5713058114051819,2.3759034066948845
Dune,Ziarenko Javid,0.46899792551994324,1.0004546105753516,0.4941466748714447,1.008346932708353
Dune,Tertius Eileen Anteac,0.487254798412323,0.7282112247168727,0.5253116488456726,0.3573271621070407
Dune,Nayla,0.49504995346069336,1.2922497013006147,0.6011646389961243,1.838745742377142
Dune,Quintinius Violet Chenoeh,0.5035557746887207,0.00028876116193772073,0.5334054827690125,3.6066791128825462e-06
Dune,Marcus Claire Luyseyal,0.4861524701118469,1.1715058089203334,0.49623003602027893,2.1074580394624522
Dune,Bellonda,0.5699397921562195,2.383574064995923,0.5704931020736694,1.362803381130809
Dune,Alef Burzmali,0.5342580080032349,0.7645671390226758,0.5497820377349854,1.2549004688940866
Dune,Hedley Tuek,0.5330665707588196,1.1183086730080192,0.5594301223754883,1.3860734273510849
Dune,Marty,0.49323856830596924,0.8390780894565341,0.532426118850708,0.9791735430910642
Dune,Daniel,0.5084262490272522,1.6176609933168422,0.5299350023269653,1.2009534513931985
Dune,Dama,0.45246249437332153,0.6829508085044583,0.5355659127235413,0.6375156050084873
Dune,Logno,0.4771268665790558,0.02580503140947482,0.5067844390869141,0.4269885629402524
Twilight,Bella Swan,0.4283255636692047,4.624811411067883e-18,0.43765121698379517,2.173326996830293e-25
Twilight,Edward Cullen,0.462724894285202,2.2893183788063485e-21,0.4850013554096222,6.374579775485961e-27
Twilight,Jacob Black,0.5114951133728027,2.2938129616442704e-32,0.5444319248199463,9.19593155840975e-19
Twilight,Carlisle Cullen,0.460436075925827,2.5181317586540856e-15,0.5171779990196228,3.970672068480381e-10
Twilight,Esme Cullen,0.49109604954719543,1.1378658279902276e-14,0.523454487323761,5.89441920801518e-08
Twilight,Alice Cullen,0.42465609312057495,2.5157705123090904e-24,0.4859936535358429,2.0409060494113174e-13
Twilight,Emmett Cullen,0.4583433270454407,2.769387458024078e-23,0.5493192076683044,3.164570090644463e-09
Twilight,Rosalie Hale,0.4500272572040558,2.1473657569988024e-16,0.47803032398223877,1.2499015362365722e-10
Twilight,Jasper Hale,0.4881475269794464,7.749760128776605e-14,0.47746819257736206,7.349770170319471e-11
Twilight,Renesmee Cullen,0.47898125648498535,2.383545723195717e-11,0.476785272359848,2.267079544836868e-24
Twilight,Aro,0.44624701142311096,2.815183507622405e-11,0.4835755527019501,2.263702726060609e-16
Twilight,Caius,0.5315373539924622,0.0011100875053708578,0.5410878658294678,6.800095717717796e-05
Twilight,Marcus,0.5178703665733337,1.8635708456170174e-07,0.4686318635940552,4.651287066385129e-08
Twilight,Jane,0.5152590274810791,1.0101429947279274e-06,0.49928605556488037,5.857141559293728e-10
Twilight,Alec,0.5182084441184998,4.322146274849389e-05,0.48748382925987244,1.2390972301475466e-06
Twilight,Demetri,0.546309232711792,0.00021540189970398795,0.5607423186302185,0.03615407254158918
Twilight,Felix,0.5362008810043335,2.444847167158084e-05,0.5421597361564636,0.0005514735028190553
Twilight,Heidi,0.4422834515571594,0.0014260176892839894,0.4638873338699341,0.0009163830974332652
Twilight,Santiago,0.491519957780838,1.3400864525335985,0.5336848497390747,2.6614558913308954
Twilight,James,0.5018386840820312,2.793098747206403e-07,0.5101467967033386,1.0617429998345725e-10
Twilight,Victoria,0.49234962463378906,1.1544833416925582e-05,0.49858638644218445,1.7166442185366e-14
Twilight,Laurent,0.5187574028968811,0.023434475714019493,0.5332944393157959,0.011602992185572732
Twilight,Riley Biers,0.4916694760322571,0.0003750339715457293,0.5142452716827393,0.0005464541486897572
Twilight,Bree Tanner,0.533265233039856,0.002286592793925512,0.5513387322425842,0.0003197573019212262
Twilight,Mexican coven,0.49993380904197693,0.3396920678140909,0.4795456528663635,0.04995837587908741
Twilight,Zafrina,0.5336583256721497,0.024089215134580396,0.5528468489646912,0.018285036637565696
Twilight,Senna,0.5403485894203186,2.186114829010992,0.5326903462409973,1.9753324641530992
Twilight,Kachiri,0.5339599847793579,0.9276860008487855,0.5284923911094666,1.177856658786758
Twilight,Peter,0.4875790476799011,0.00010920400966319812,0.5198993682861328,0.00017084847350672615
Twilight,Charlotte,0.47610554099082947,0.020761025109091204,0.5042903423309326,0.05212665495695807
Twilight,Mary,0.4819009304046631,0.1130494278537079,0.5178558826446533,0.8451317060187
Twilight,Randall,0.5123856663703918,0.7181121212488933,0.5344823002815247,0.7588539669853316
Twilight,Eleazar,0.5053532719612122,5.990604228536696e-05,0.5313164591789246,0.01655562387442602
Twilight,Carmen,0.5238940715789795,0.06600312211427116,0.5328048467636108,0.15302865873563146
Twilight,Tanya,0.5211321115493774,6.197286686039441e-07,0.5140721797943115,1.2380004737807093e-05
Twilight,Kate,0.49718740582466125,2.0663263984400622e-07,0.5238328576087952,0.00029152654514491176
Twilight,Garrett,0.515531599521637,0.013445174030939717,0.5252370238304138,0.0016746169219532142
Twilight,Sasha,0.47287803888320923,0.27864361168836954,0.5139268040657043,0.246721970916106
Twilight,Vasilii,0.4801425039768219,0.817044796441487,0.5337051153182983,1.029328344463032
Twilight,Irina,0.5084131956100464,1.6024880035518898e-07,0.49999377131462097,0.00021294010448306305
Twilight,Tia,0.4938783049583435,0.0010645888844947656,0.5117398500442505,0.0030342449524922966
Twilight,Amun,0.4968675971031189,0.006538414765192574,0.5135312676429749,0.0009805412753831246
Twilight,Benjamin,0.5193383693695068,1.1231493131891824e-05,0.5335027575492859,0.00010490792873973265
Twilight,Kebi,0.5308642387390137,0.16716211812943468,0.4842478036880493,0.0017925352844000134
Twilight,Nahuel,0.5414093732833862,0.0048054904125045894,0.5312753915786743,0.003928567804703102
Twilight,Huilen,0.5120039582252502,0.04032235628050017,0.5332587361335754,0.03522204082039709
Twilight,Sam Uley,0.5413429141044617,1.8098775625217085e-10,0.5345000624656677,6.856341078996212e-06
Twilight,Quil Ateara V,0.5411669015884399,0.015516036696839815,0.5782809257507324,0.06039738685520155
Twilight,Embry Call,0.44517967104911804,6.0751889846143e-08,0.5342084169387817,0.01848173372299123
Twilight,Paul Lahote,0.5021762251853943,0.0025681206215354114,0.5335680842399597,0.002382048991368907
Twilight,Jared Cameron,0.4954007863998413,0.022696552027706738,0.5320535898208618,0.005130350762158531
Twilight,Leah Clearwater,0.5250481963157654,4.643695599825129e-08,0.559978723526001,0.00010478292827376952
Twilight,Seth Clearwater,0.5185219645500183,6.220485431315317e-07,0.5466122627258301,0.0005157767477236305
Twilight,Collin Littlesea,0.4289748966693878,0.544437395537312,0.41985854506492615,0.4759895442494396
Twilight,Brady Fuller,0.4090557098388672,0.6229840897149145,0.39057233929634094,0.3876249619113957
Twilight,Ephraim Black,0.5057646632194519,0.07220309365456588,0.5285127758979797,0.483425871993945
Twilight,Charlie Swan,0.4869334101676941,9.211047264016628e-22,0.5184178352355957,1.927893381231553e-17
Twilight,Harry Clearwater,0.5350514650344849,0.016037376852598983,0.5545437335968018,1.5120414810849454
Twilight,Billy Black,0.5252414345741272,3.815910922395146e-09,0.5207344889640808,6.461777279391024e-05
Twilight,Tyler Crowley,0.5317482948303223,0.548659530226328,0.5190672874450684,0.03187449897281874
Twilight,Lauren Mallory,0.529346227645874,0.4959357556117128,0.5534868240356445,1.0301312795687292
Twilight,Mike Newton,0.5144067406654358,0.04581595359951268,0.5257408022880554,0.00018613201138127397
Twilight,Jessica Stanley,0.5397750735282898,1.3752700291129756e-09,0.5632840394973755,0.0019293226475190026
Twilight,Angela Weber,0.504973292350769,5.2722661037760894e-05,0.5626891851425171,0.005811991217113055
Twilight,Eric Yorkie,0.5160184502601624,0.46643170857604566,0.5238882303237915,0.015327026265820155
Twilight,Emily Young,0.46790507435798645,8.277646143621516e-07,0.5108766555786133,0.00017272906246933845
Twilight,Sue Clearwater,0.5213360786437988,0.0006204390110214121,0.5475406050682068,0.03557467050906217
Twilight,Quil Ateara III,0.5268049240112305,3.725081969996444,0.553762674331665,4.036403694961986
Twilight,Rachel Black,0.4924367666244507,0.296796409199166,0.5020495653152466,0.04944272066839212
Twilight,Rebecca Black,0.4882580041885376,1.2192436190426745,0.5163401961326599,1.3561806259309606
Twilight,J. Jenks,0.515997052192688,0.015776929650113954,0.5271448493003845,0.08114527858437592
The Hitchhiker's Guide to the Galaxy,Zaphod Beeblebrox,0.5411131978034973,5.932940301800547,0.5078474283218384,0.5277342365851457
The Hitchhiker's Guide to the Galaxy,Arthur Dent,0.5188212394714355,0.038701100424130455,0.4932032823562622,0.06783758658895236
The Hitchhiker's Guide to the Galaxy,Marvin,0.49804943799972534,0.03852394058232559,0.5085926651954651,0.10068908623237288
The Hitchhiker's Guide to the Galaxy,Trillian,0.5364824533462524,0.442606678964167,0.5415812730789185,0.06751667477736405
The Hitchhiker's Guide to the Galaxy,Ford Prefect,0.536252498626709,0.0010517575037463315,0.5027309656143188,1.4888563280590607e-07
The Hitchhiker's Guide to the Galaxy,Fenchurch,0.5085993409156799,0.30357174422965527,0.5429698824882507,3.106870070034058
The Hitchhiker's Guide to the Galaxy,Deep Thought,0.5293686985969543,3.518039002381821,0.5483431816101074,4.924017802986197
The Hitchhiker's Guide to the Galaxy,Eddie the Computer,0.5331401228904724,2.792240301907723,0.5470018982887268,0.44148354875185336
The Hitchhiker's Guide to the Galaxy,Agrajag,0.5218881368637085,0.12835223707501325,0.5584320425987244,0.38994602563250325
The Hitchhiker's Guide to the Galaxy,Alice Beeblebrox,0.5141850709915161,1.2139138107233727,0.5451333522796631,0.8392531960060112
The Hitchhiker's Guide to the Galaxy,Allitnils,0.4911867082118988,1.2510177564274019,0.5145216584205627,2.15794193900502
The Hitchhiker's Guide to the Galaxy,Almighty Bob,0.5234580636024475,2.6345107606610694,0.5280137062072754,1.8213509029180628
The Hitchhiker's Guide to the Galaxy,Barman,0.47871872782707214,1.7699820000943327,0.5309516191482544,4.361691934626844
The Hitchhiker's Guide to the Galaxy,Caveman,0.485813707113266,1.191876411155107,0.5148823261260986,2.9606391880258345
The Hitchhiker's Guide to the Galaxy,Colin the Security Robot,0.5031183362007141,1.0910237479024243,0.5448169708251953,1.061180048644928
The Hitchhiker's Guide to the Galaxy,Constant Mown,0.5184033513069153,3.008252762159365,0.48736047744750977,2.5984632141138713
The Hitchhiker's Guide to the Galaxy,Dan Streetmentioner,0.5305299758911133,2.0244144846591556,0.5477467775344849,2.037254312460819
The Hitchhiker's Guide to the Galaxy,Ameglian Major Cow,0.5365361571311951,1.224456084476974,0.5770723819732666,1.4386696104844745
The Hitchhiker's Guide to the Galaxy,Eccentrica Gallumbits,0.5858138203620911,6.093317507172282,0.5641888976097107,3.2757968835619136
The Hitchhiker's Guide to the Galaxy,Effrafax of Wug,0.5134496688842773,3.2151291217167177,0.5549716949462891,4.400457732062703
The Hitchhiker's Guide to the Galaxy,Elvis Presley,0.5083202123641968,0.8162369482507144,0.5454714894294739,3.9781774000980783
The Hitchhiker's Guide to the Galaxy,Emperor of the Galaxy,0.4646728038787842,2.164931250384649,0.5556698441505432,8.55473898648037
The Hitchhiker's Guide to the Galaxy,Enid Kapelsen,0.5324084162712097,1.2771491330409643,0.5308210849761963,2.5346537960263045
The Hitchhiker's Guide to the Galaxy,Frankie and Benjy,0.4949437081813812,0.06694233660193766,0.5053572058677673,0.017532638073724925
The Hitchhiker's Guide to the Galaxy,Gag Halfrunt,0.4843465983867645,1.8127814712023953,0.4792088568210602,0.6444925836020515
The Hitchhiker's Guide to the Galaxy,Gail Andrews,0.5174409747123718,1.148351783091004,0.5481988191604614,3.1837366415168034
The Hitchhiker's Guide to the Galaxy,Pizpot Gargravarr,0.4587478041648865,0.8348776513172581,0.5261605381965637,2.2348112582374426
The Hitchhiker's Guide to the Galaxy,Garkbit,0.5726413130760193,1.8800350411053122,0.504594087600708,3.921158565770048
The Hitchhiker's Guide to the Galaxy,Genghis Khan,0.5922291874885559,4.083320716568894,0.5532245635986328,1.5547980690861125
The Hitchhiker's Guide to the Galaxy,God,0.5163047313690186,1.1040117401285403,0.5072826743125916,0.8570355538687026
The Hitchhiker's Guide to the Galaxy,Golgafrinchans,0.5412099361419678,0.5530726381345293,0.5514329671859741,0.15993777979395232
The Hitchhiker's Guide to the Galaxy,Agda,0.46876761317253113,2.711333335310547,0.5224596261978149,3.9934621092566287
The Hitchhiker's Guide to the Galaxy,Mella,0.4833376109600067,2.3955204637574328,0.5088439583778381,2.4108987527891834
The Hitchhiker's Guide to the Galaxy,Captain,0.48078295588493347,2.5046832665816905,0.5165687203407288,1.1028505184239685
The Hitchhiker's Guide to the Galaxy,Great Circling Poets of Arium,0.5367315411567688,4.370866025613554,0.5408584475517273,1.5397010081053488
The Hitchhiker's Guide to the Galaxy,Number One,0.5042617917060852,0.7561530397522468,0.506044864654541,1.7105745885417016
The Hitchhiker's Guide to the Galaxy,Number Two,0.5104125142097473,1.0542362445617808,0.5231298804283142,1.7298688236564472
The Hitchhiker's Guide to the Galaxy,Googleplex Starthinker,0.5086233019828796,1.3515194722810542,0.5492330193519592,2.9816067907401513
The Hitchhiker's Guide to the Galaxy,Great Green Arkleseizure,0.5418887734413147,6.285150814644261,0.5641208291053772,5.973755690155872
The Hitchhiker's Guide to the Galaxy,Great Hyperlobic Omnicognate Neutron Wrangler,0.5222041010856628,0.8151436595074942,0.5879542827606201,2.6249022736812884
The Hitchhiker's Guide to the Galaxy,Grunthos the Flatulent,0.5851119160652161,14.204895067124372,0.5333231687545776,2.0290831480233877
The Hitchhiker's Guide to the Galaxy,Guide Mark II,0.5226348638534546,3.1566339689350262,0.5612154006958008,2.0491005938916884
The Hitchhiker's Guide to the Galaxy,Hactar,0.5668292045593262,0.6813560562863862,0.5276831388473511,0.6359220030717608
The Hitchhiker's Guide to the Galaxy,Haggunenons,0.5338510274887085,0.887195783766659,0.5434936285018921,0.16690129536705137
The Hitchhiker's Guide to the Galaxy,Heimdall,0.555895209312439,4.283489710728449,0.5080553889274597,2.9316034691248065
The Hitchhiker's Guide to the Galaxy,Hig Hurtenflurst,0.3948304355144501,0.6751661951664785,0.5137826800346375,1.212449095341141
The Hitchhiker's Guide to the Galaxy,Hillman Hunter,0.5006437301635742,2.7899036879372,0.513340950012207,1.0347394430450858
The Hitchhiker's Guide to the Galaxy,Hotblack Desiato,0.562212347984314,6.781755302414514,0.5374886989593506,5.2482087120285295
The Hitchhiker's Guide to the Galaxy,Humma Kavula,0.5135481953620911,2.0155346944172385,0.5428107976913452,3.574634551887301
The Hitchhiker's Guide to the Galaxy,Hurling Frootmig,0.4950239658355713,0.8468620532300025,0.5304555892944336,5.2713692395086555
The Hitchhiker's Guide to the Galaxy,Judiciary Pag,0.5260332226753235,2.456362106680628,0.5440967679023743,2.4157124773643326
The Hitchhiker's Guide to the Galaxy,Know-Nothing-Bozo,0.46946316957473755,0.5718663858886817,0.4982646107673645,1.4993487598742592
The Hitchhiker's Guide to the Galaxy,Prostetnic Vogon Kwaltz,0.5225704908370972,3.289779453595154,0.5192517638206482,8.771962272573777
The Hitchhiker's Guide to the Galaxy,Lady Cynthia Fitzmelton,0.503120481967926,1.5543681799565285,0.5122653841972351,0.4555072083028727
The Hitchhiker's Guide to the Galaxy,Lajestic Vantrashell of Lob,0.49579405784606934,1.0396768280186017,0.5443820357322693,5.4496999347531805
The Hitchhiker's Guide to the Galaxy,Lallafa,0.49323031306266785,1.2100992596692928,0.5165346264839172,1.3969294665661973
The Hitchhiker's Guide to the Galaxy,Lig Lury Jr,0.5036037564277649,1.4222595725015845,0.5253148078918457,0.9935720888143273
The Hitchhiker's Guide to the Galaxy,Lintilla,0.5251702666282654,0.342288267348207,0.5280521512031555,0.24272465743459046
The Hitchhiker's Guide to the Galaxy,Loonquawl,0.5675374865531921,3.474656528157039,0.5376206040382385,1.3429501740829808
The Hitchhiker's Guide to the Galaxy,Phouchg,0.5353819131851196,1.7108265746437579,0.5147252082824707,1.687921855975441
The Hitchhiker's Guide to the Galaxy,The Lord,0.4792637228965759,2.781357853292775,0.5209159851074219,1.9092905010805745
The Hitchhiker's Guide to the Galaxy,Lunkwill and Fook,0.5276358127593994,2.9965848437362994,0.5182853937149048,1.1740215997223642
The Hitchhiker's Guide to the Galaxy,Majikthise,0.5190516710281372,3.978551986098361,0.5503026247024536,3.348809212583568
The Hitchhiker's Guide to the Galaxy,Vroomfondel,0.5152117609977722,6.701656130459915,0.5466178059577942,3.1092435488371115
The Hitchhiker's Guide to the Galaxy,Max Quordlepleen,0.44416695833206177,3.6075902889285176,0.4944285452365875,3.974116003158963
The Hitchhiker's Guide to the Galaxy,Murray Bost Henson,0.508491039276123,1.9880551917770604,0.5325136184692383,2.756659058943864
The Hitchhiker's Guide to the Galaxy,Old Man on the Pole,0.47717005014419556,5.581789936508674,0.5147315263748169,7.763840792017723
The Hitchhiker's Guide to the Galaxy,Old Thrashbarg,0.5333329439163208,2.417007644633663,0.5275788903236389,3.0477965967155183
The Hitchhiker's Guide to the Galaxy,Old Woman in the Cave,0.5127855539321899,7.099409842694347,0.5671838521957397,11.727615229914276
The Hitchhiker's Guide to the Galaxy,Oolon Colluphid,0.5982188582420349,6.408382901372876,0.5247104167938232,0.6851568358622919
The Hitchhiker's Guide to the Galaxy,Paul Neil Milne Johnstone,0.5271125435829163,3.045931351155299,0.5369555950164795,3.177821032859461
The Hitchhiker's Guide to the Galaxy,Poodoo,0.45408895611763,0.7607375331758576,0.5132195353507996,1.1669318505114223
The Hitchhiker's Guide to the Galaxy,Prak,0.4881736636161804,0.6609615694559035,0.5365588665008545,0.4519610109003185
The Hitchhiker's Guide to the Galaxy,Mr Prosser,0.5014879107475281,4.279989564924774,0.5276877284049988,6.380515125647733
The Hitchhiker's Guide to the Galaxy,Prostetnic Vogon Jeltz,0.5068814158439636,0.9139087945948516,0.5350143909454346,3.113166066213617
The Hitchhiker's Guide to the Galaxy,Questular Rontok,0.43083465099334717,1.3089575999174028,0.46533873677253723,5.921618126936456
The Hitchhiker's Guide to the Galaxy,Random Dent,0.45634275674819946,0.2920922497952378,0.5248076319694519,1.6159023913096846
The Hitchhiker's Guide to the Galaxy,Reg Nullify,0.5345656275749207,0.89237923793007,0.5362817049026489,3.082270637267509
The Hitchhiker's Guide to the Galaxy,Rob McKenna,0.507345974445343,1.5417048294998257,0.5014834403991699,0.6059085975018845
The Hitchhiker's Guide to the Galaxy,Roosta,0.45576876401901245,1.687678852003973,0.5282712578773499,6.310332564579279
The Hitchhiker's Guide to the Galaxy,Ruler of the Universe,0.5373949408531189,11.186623258316212,0.5021905303001404,4.566161762510675
The Hitchhiker's Guide to the Galaxy,Russell,0.47828397154808044,0.8100323941181714,0.5097077488899231,1.408932398843795
